e, e_dot, e_int, stamp, 
4.24012357812856, 0.0, 0.8480247156257119, 37157000000, 
4.241137607999354, 0.0033800995693145097, 0.8480923176170982, 154729000000, 
4.241136569541415, 0.003376638042850525, 0.8481598503779552, 154797000000, 
4.2411366579267975, -3.166908522089784e-06, 0.8482273890311712, 154899000000, 
4.2412132768656505, 0.0002556910807853067, 0.8482324336222575, 155001000000, 
4.241461685186661, 0.0010834241995461014, 0.8482541079986072, 155103000000, 
4.241752012675053, 0.001795786031341488, 0.848295131648491, 155205000000, 
4.242089774351089, 0.0020936305480923068, 0.8483535648141869, 155307000000, 
4.242454272891597, 0.002340867388479495, 0.8484197373278493, 155409000000, 
4.242854064577971, 0.002547634089606158, 0.8484932074547105, 155511000000, 
4.243295428136101, 0.0028038508150126282, 0.8485735843737112, 155613000000, 
4.243769031390654, 0.0030498893756103485, 0.848661234940315, 155715000000, 
4.244265411256502, 0.003233277068005099, 0.8487553247188837, 155783000000, 
4.244783347040912, 0.0033810521675281535, 0.8488545193125377, 155885000000, 
4.245337014483308, 0.0035720107560196133, 0.8489590515187149, 155987000000, 
4.245923815290411, 0.003801560831660685, 0.849069611787642, 156089000000, 
4.246537534390175, 0.004001733022889198, 0.8491865576109262, 156191000000, 
4.247174067888831, 0.004167508661400514, 0.8493090278379611, 156293000000, 
4.247849502545185, 0.004373227183365931, 0.8494374069882794, 156395000000, 
4.248559200716561, 0.004617109425767059, 0.8495721847433716, 156497000000, 
4.2492851176786886, 0.004785383778346623, 0.8497129213960289, 156599000000, 
4.250050842213725, 0.004972138323881363, 0.8498596773739315, 156701000000, 
4.250839774933056, 0.005182190847892916, 0.8500117156550312, 156769000000, 
4.251655281789862, 0.005348131920455875, 0.8501697265957763, 156871000000, 
4.25250042298006, 0.005535493490012773, 0.8503330319801985, 156973000000, 
4.253365796655484, 0.005701716218740789, 0.8505014334283603, 157075000000, 
4.254264099844106, 0.005878922880153681, 0.8506753546319766, 157177000000, 
4.255197099201567, 0.006104341820275157, 0.8508551330467439, 157279000000, 
4.256153306427811, 0.00629735527901687, 0.8510409670315657, 157381000000, 
4.257125341852031, 0.006427475501548467, 0.8512317164987607, 157449000000, 
4.2581346083060465, 0.006604339594116955, 0.8514275504390594, 157551000000, 
4.259178639833846, 0.006844326606048057, 0.8516292393327949, 157653000000, 
4.260242468921929, 0.0070262020529406515, 0.8518370478041214, 157755000000, 
4.261333202574159, 0.007181875801043347, 0.8520502874219956, 157857000000, 
4.262455855888072, 0.007377956553809757, 0.8522687684922772, 157959000000, 
4.2636548142159585, 0.0077387054726655675, 0.8524962581785459, 158061000000, 
4.265477165108934, 0.010071030736208778, 0.852772522347531, 158163000000, 
4.26722145059018, 0.011888787914073143, 0.8530902286610048, 158265000000, 
4.269065776423368, 0.011962037714778143, 0.8534509594748322, 158333000000, 
4.271025213689365, 0.012679210330614291, 0.8538208293801942, 158435000000, 
4.272984034368052, 0.013060859815613076, 0.8542050016320523, 158537000000, 
4.274942539020262, 0.013057751102989457, 0.8545967858051786, 158639000000, 
4.276959535394993, 0.013251670089804435, 0.8549924072522205, 158741000000, 
4.279094328500681, 0.013839298268063516, 0.8553997601943957, 158843000000, 
4.281205354604196, 0.0141527306973425, 0.8558172812333247, 158945000000, 
4.283322139959386, 0.014092704862352553, 0.8562414548709508, 159047000000, 
4.2855456455133, 0.014467636363679759, 0.856671542671792, 159149000000, 
4.287916817989781, 0.015315593434648278, 0.8571189735641646, 159251000000, 
4.290277317197582, 0.01577223894760671, 0.8575826520467108, 159319000000, 
4.292750876165662, 0.01611352725293595, 0.8580630007568684, 159421000000, 
4.295191915073387, 0.01638199291935057, 0.8585480072291087, 159523000000, 
4.297743019747015, 0.016640478604511937, 0.8590457207324041, 159625000000, 
4.300304706319981, 0.01704263748864676, 0.8595493094093588, 159727000000, 
4.302916031542772, 0.017243372652521554, 0.8600642505073178, 159829000000, 
4.305542199986791, 0.017458312222699373, 0.8605841958566361, 159897000000, 
4.308227340863839, 0.017704364403557566, 0.8611123714928934, 159999000000, 
4.310960469170836, 0.018060897280151405, 0.8616486673347644, 160101000000, 
4.3137405131588515, 0.01837724098337527, 0.8621952215462351, 160203000000, 
4.3164919683839855, 0.018438330710498125, 0.8627461967142449, 160305000000, 
4.3193814357543205, 0.01880307531823, 0.8633075944864771, 160407000000, 
4.322238692538414, 0.01915574718142743, 0.8638741397784478, 160509000000, 
4.325169777407849, 0.01929447217842828, 0.8644526603800389, 160611000000, 
4.3280990420940135, 0.019534498518665917, 0.8650338341360184, 160713000000, 
4.331066461937413, 0.019655615098545336, 0.8656223520959516, 160815000000, 
4.334061598639175, 0.019875188483871042, 0.8662151401780401, 160917000000, 
4.337059307399507, 0.019976151540313698, 0.8668124911984063, 160985000000, 
4.340118320338595, 0.020189072331400954, 0.8674159484251517, 161087000000, 
4.343231800196807, 0.020574975991000482, 0.8680272951956605, 161189000000, 
4.3463255455325855, 0.020690750646634726, 0.8686450444045325, 161291000000, 
4.34950701701197, 0.02091738938387581, 0.8692709575160907, 161393000000, 
4.352655854855586, 0.02110103107666757, 0.8698992278266761, 161495000000, 
4.355844298561419, 0.021124271831499303, 0.8705338113619318, 161597000000, 
4.359058500687424, 0.021342152772794165, 0.8711705769402954, 161699000000, 
4.362297613749181, 0.021511050625872368, 0.8718133608665349, 161801000000, 
4.365589975242433, 0.02177158185003118, 0.8724630726452692, 161869000000, 
4.368892737281392, 0.021983745107370112, 0.8731186884182004, 161971000000, 
4.37221754189399, 0.022091888838522422, 0.8737800169611877, 162073000000, 
4.375573884164429, 0.022270489610122606, 0.8744456108893208, 162175000000, 
4.378950549089567, 0.02244335731859041, 0.8751161316765325, 162277000000, 
4.3823888023875455, 0.022716394077055096, 0.875794215709436, 162379000000, 
4.3857835859673235, 0.022776789592520903, 0.8764748624962957, 162481000000, 
4.389226770018222, 0.022793225435589665, 0.8771599438915395, 162583000000, 
4.392731064183701, 0.023158260721259556, 0.8778494280112832, 162685000000, 
4.396234965910704, 0.023360652974938983, 0.8785461866741752, 162787000000, 
4.399775635726349, 0.023481905142158272, 0.8792494443880502, 162855000000, 
4.403307125223505, 0.0235738643760038, 0.8799545151240373, 162957000000, 
4.406876555062958, 0.02366973112202982, 0.8806639544008541, 163059000000, 
4.410496101580238, 0.02396325452244182, 0.8813786521244468, 163161000000, 
4.414088595897407, 0.024040136114831984, 0.8820974168360401, 163263000000, 
4.417761833595156, 0.02421910671639438, 0.88282310207152, 163365000000, 
4.42140566322232, 0.024390224416374433, 0.8835504061809922, 163467000000, 
4.425094146893762, 0.024441044328685397, 0.8842841095807491, 163569000000, 
4.428797641051895, 0.0246399260985856, 0.8850198300778652, 163671000000, 
4.432015206132138, 0.023070197461253866, 0.8857271329385197, 163773000000, 
4.436000024754277, 0.024007945674604514, 0.8864541914625539, 163841000000, 
4.440307028442314, 0.02763940770058741, 0.8872214839552485, 163943000000, 
4.444613998200522, 0.028713244820816424, 0.8880614034264741, 164045000000, 
4.449004646444899, 0.028992060008616132, 0.8889283782058489, 164147000000, 
4.453299063155284, 0.0289502165158743, 0.8897945138533804, 164249000000, 
4.4575186405149445, 0.02837998023348535, 0.8906548233410084, 164351000000, 
4.461883869054924, 0.0286160196654676, 0.8915134381816769, 164453000000, 
4.466304835811834, 0.029287317656298367, 0.8923804896921136, 164555000000, 
4.470678393933746, 0.029315082929407172, 0.8932578065867003, 164657000000, 
4.4751492094445045, 0.029481245442234776, 0.8941421626126723, 164759000000, 
4.479697663339852, 0.030064231353685855, 0.8950350177812069, 164861000000, 
4.4841768887577675, 0.030092264377543643, 0.8959349174361416, 164929000000, 
4.488764022722258, 0.030221197941351363, 0.8968425716546585, 165031000000, 
4.493458536719622, 0.030938826539514963, 0.8977599632133098, 165133000000, 
4.49805864526934, 0.03098207515694007, 0.8986854136474145, 165235000000, 
4.5027356398555005, 0.030923677119594945, 0.8996168547896308, 165337000000, 
4.507383960109163, 0.03108438279941043, 0.9005452163489335, 165439000000, 
4.512101676449799, 0.031220121980994147, 0.9014814184276309, 165541000000, 
4.516755588811792, 0.031238762342097697, 0.9024160816913835, 165643000000, 
4.521458193767332, 0.031188391058443916, 0.9033543639352615, 165745000000, 
4.526202252864848, 0.0314888801768524, 0.9042944023629315, 165813000000, 
4.5309602811340834, 0.031673624555838366, 0.9052413818510842, 165915000000, 
4.535690356481166, 0.03162701205439452, 0.9061901926986731, 166017000000, 
4.540516884957106, 0.031855346076741974, 0.9071445015048238, 166119000000, 
4.5452768548981926, 0.03195499472342137, 0.9080989397557643, 166221000000, 
4.5501187032257855, 0.032006060895598175, 0.9090608295387388, 166323000000, 
4.554995231014293, 0.032394587053667934, 0.9100260526092181, 166391000000, 
4.559825390801071, 0.03235562525095048, 0.9109959550027433, 166493000000, 
4.564697108909449, 0.03233959298385436, 0.9119678487149875, 166595000000, 
4.569710284029952, 0.03294964409627177, 0.9129488522493647, 166697000000, 
4.574536660352972, 0.032798504811741104, 0.9139296035528249, 166799000000, 
4.579490371997036, 0.03260029322361172, 0.9149158210919973, 166901000000, 
4.584420691694192, 0.03294677113740244, 0.91589651493628, 166969000000, 
4.589438606060886, 0.033160780212835306, 0.9168899779834742, 167071000000, 
4.594369508666209, 0.033162723240055904, 0.9178819204280858, 167173000000, 
4.599354775227349, 0.03305389722154217, 0.918877525996963, 167275000000, 
4.604369156855286, 0.033332160630257235, 0.919872896049923, 167377000000, 
4.609477470952671, 0.03374231908440587, 0.920880093535687, 167479000000, 
4.614520466605135, 0.03383769916616153, 0.9218911396275394, 167581000000, 
4.619554665501339, 0.03359064849556207, 0.9229035068706096, 167683000000, 
4.624691946594954, 0.03390493329939718, 0.9239178052467618, 167785000000, 
4.629829832473955, 0.034250556575384415, 0.9249384296380166, 167887000000, 
4.634968178669113, 0.034254106913863915, 0.9259659971825348, 167989000000, 
4.640060883741201, 0.034103504224155166, 0.9269905929922846, 168057000000, 
4.64521683357262, 0.03416218301169079, 0.928016393065529, 168159000000, 
4.6504022556497375, 0.03447123969512115, 0.929045331530904, 168261000000, 
4.6555364998696325, 0.03439888765670732, 0.9300770392727993, 168363000000, 
4.660768488128769, 0.034554108263439666, 0.9311138162432094, 168465000000, 
4.666010045770321, 0.034911819668961286, 0.9321543355845815, 168567000000, 
4.6712414995499065, 0.034910038070457006, 0.9332013355632666, 168669000000, 
4.676505743749155, 0.0349856599294481, 0.9342504859379589, 168737000000, 
4.6817414676746605, 0.034999893749179854, 0.9352992473982481, 168839000000, 
4.687021283358915, 0.03505179869919791, 0.9363512329855154, 168941000000, 
4.6923977950900415, 0.03552109138460343, 0.9374107030749078, 169043000000, 
4.697667730537947, 0.035488157263439866, 0.9384724539324601, 169145000000, 
4.703010634448259, 0.03537613119405888, 0.9395384106717498, 169213000000, 
4.70835084348654, 0.0356103764953127, 0.9406019472315164, 169315000000, 
4.7137741705561185, 0.03587845369286432, 0.9416757098993945, 169417000000, 
4.7191113183770925, 0.035868249635173655, 0.9427490888279834, 169519000000, 
4.724518746055977, 0.035815251666194335, 0.9438269489992791, 169621000000, 
4.7299519426019385, 0.036135414082819985, 0.9449054671356673, 169723000000, 
4.735443294616941, 0.03641516186987973, 0.945994265551657, 169825000000, 
4.740821531866517, 0.03623196421526013, 0.9470811179390263, 169927000000, 
4.746262858905076, 0.0360652142937834, 0.9481685123592356, 170029000000, 
4.751855309823375, 0.03677925985619446, 0.9492626467063311, 170131000000, 
4.757165010189414, 0.036340504281128595, 0.9503522119278576, 170233000000, 
4.7626652159694185, 0.036033020486812006, 0.9514457023988139, 170301000000, 
4.7680988525859185, 0.036446141321680635, 0.9525286052496501, 170403000000, 
4.773528047004783, 0.03620943678454817, 0.9536194743706746, 170505000000, 
4.7790915966355625, 0.03664248016548003, 0.9547145664150842, 170607000000, 
4.784540122658199, 0.03670691884471999, 0.9558106510865696, 170709000000, 
4.790035713508348, 0.03648038957595171, 0.9569111621868073, 170811000000, 
4.7956132117178845, 0.036910296865618385, 0.9580126031922953, 170913000000, 
4.8011886555130445, 0.0371764733489884, 0.9591225053826185, 171015000000, 
4.806775034617935, 0.03720607633350248, 0.9602384601232576, 171117000000, 
4.8123020952580156, 0.03704479914990344, 0.9613510523592663, 171219000000, 
4.817916684810863, 0.03713883397642744, 0.9624662543124544, 171287000000, 
4.823592372499397, 0.03763425747127217, 0.9635874101712185, 171389000000, 
4.829158010174894, 0.03747108454676962, 0.9647111378323437, 171491000000, 
4.834817626515773, 0.03741751338791843, 0.9658378672793375, 171593000000, 
4.840397875099412, 0.03746621641505854, 0.9669582341193386, 171695000000, 
4.846108638803648, 0.03763670762625182, 0.9680882760279222, 171797000000, 
4.851697285782066, 0.03766470227551425, 0.969213586645675, 171899000000, 
4.857401043998854, 0.03764135065068489, 0.9703471312389712, 172001000000, 
4.863107808657032, 0.03803507624988711, 0.9714804092291968, 172069000000, 
4.8688175912759295, 0.0380551575902525, 0.9726217629287877, 172171000000, 
4.87453172423863, 0.03807971860532611, 0.973763808278106, 172273000000, 
4.880292677409394, 0.03825028711154902, 0.9749094661949302, 172375000000, 
4.88598463687075, 0.03817637544039817, 0.9760539359012517, 172477000000, 
4.8917860173878385, 0.03831113326148087, 0.9772042221111988, 172579000000, 
4.897557337816264, 0.03857566981838071, 0.9783551994716567, 172681000000, 
4.903329313739585, 0.038477654505821114, 0.9795115112629125, 172783000000, 
4.909105740612576, 0.03849467598770732, 0.980666159477895, 172885000000, 
4.914931084130394, 0.03867256796936521, 0.9818244092321703, 172987000000, 
4.920785998381189, 0.0389341925620427, 0.9829881882082773, 173055000000, 
4.9266052241991085, 0.03891380022904715, 0.9841548204473793, 173157000000, 
4.932465795678929, 0.03893265765913275, 0.9853238012172817, 173259000000, 
4.938357283740042, 0.03917353180311167, 0.9864952202412053, 173361000000, 
4.944183462679856, 0.039058890003091186, 0.9876671028065884, 173463000000, 
4.95007974446708, 0.039074869090125475, 0.9888413660591319, 173565000000, 
4.956014195696569, 0.0394357767223763, 0.9900184935229002, 173667000000, 
4.961944405737538, 0.03954887090152681, 0.9912025563934125, 173769000000, 
4.967829005564639, 0.03938269956023236, 0.992385840466583, 173871000000, 
4.973868960299757, 0.039748515207396196, 0.9935761581067956, 173939000000, 
4.979746949874162, 0.03972648103174473, 0.9947629943825705, 174041000000, 
4.985776030200992, 0.039690233004119335, 0.9959594626916607, 174143000000, 
4.991673968435229, 0.03975672853689124, 0.9971464632340256, 174245000000, 
4.997729053389633, 0.03984341062880148, 0.9983452701350569, 174347000000, 
5.003660267556626, 0.03995433040465457, 0.9995375526254325, 174449000000, 
5.00976643928921, 0.040124619665258265, 1.0007437173490312, 174551000000, 
5.0158078513054605, 0.040491945829449115, 1.0019489705434197, 174653000000, 
5.021794505471842, 0.04009355394210582, 1.0031579197377676, 174721000000, 
5.027825273137495, 0.04005807277344786, 1.0043618419943199, 174823000000, 
5.033938923903282, 0.04048139477146625, 1.0055705801675079, 174925000000, 
5.040002629357644, 0.040591187400496054, 1.0067844550932281, 175027000000, 
5.046116147286719, 0.04059074461145803, 1.0080038467031764, 175129000000, 
5.0521611563225, 0.04052842321618696, 1.0092186621977908, 175231000000, 
5.05831186777472, 0.04065240162666998, 1.0104392780922626, 175333000000, 
5.064420661177166, 0.04086501618221957, 1.0116595790182925, 175435000000, 
5.070570354296342, 0.04086162173873772, 1.0128868588832152, 175537000000, 
5.076783951422234, 0.041210967483561824, 1.0141183311263826, 175605000000, 
5.082961162101404, 0.041302692683542475, 1.015354364521332, 175707000000, 
5.089175792752631, 0.04130613776798834, 1.0165947270850846, 175809000000, 
5.0953024664128295, 0.041137681038083684, 1.0178292947511243, 175911000000, 
5.101453851092947, 0.04092686113438641, 1.0190621406838938, 176013000000, 
5.107684719179681, 0.041274175889505216, 1.0202960691123637, 176115000000, 
5.113861327720267, 0.041358255424401115, 1.0215333265328597, 176217000000, 
5.120065666399179, 0.04126982406499261, 1.0227741142199418, 176319000000, 
5.126384254995675, 0.04174309091802719, 1.0240207499410081, 176421000000, 
5.132756747429254, 0.042303603433584414, 1.0252804445882737, 176489000000, 
5.139127553891788, 0.04247766298704233, 1.0265512370877812, 176591000000, 
5.145470064521253, 0.042377723639995445, 1.0278236243894863, 176693000000, 
5.151823347428084, 0.04231931178765377, 1.029094731056075, 176795000000, 
5.1582777529934285, 0.042692294907252425, 1.0303714109961843, 176897000000, 
5.164686944931191, 0.04287865834368946, 1.031652536356847, 176999000000, 
5.171096158573394, 0.04272801859988462, 1.0329373904332009, 177101000000, 
5.177502915443849, 0.042719901708861606, 1.0342190679298957, 177203000000, 
5.184023806207198, 0.0430921587793461, 1.0355081920149627, 177305000000, 
5.190455788543155, 0.043176243664353464, 1.0367988340129466, 177407000000, 
5.196845234375502, 0.04273809389434705, 1.0380883219417236, 177475000000, 
5.2033587648990345, 0.04300992118626409, 1.039377319187846, 177577000000, 
5.209938135552663, 0.04364300392386925, 1.0406761423218134, 177679000000, 
5.21641486608708, 0.04352033729348411, 1.0419807844359186, 177781000000, 
5.222945208901142, 0.0433569111615976, 1.0432865473693922, 177883000000, 
5.229421867805628, 0.04335667239515987, 1.0445854628529232, 177985000000, 
5.2360240194984895, 0.04359603532449204, 1.0458927397470172, 178087000000, 
5.242566046537547, 0.04381392910639844, 1.0472007955894442, 178189000000, 
5.249150685710561, 0.04375555404023975, 1.04851605011644, 178257000000, 
5.255748313489764, 0.0439408898407212, 1.0498310030491915, 178359000000, 
5.2624107616165965, 0.044200253020116875, 1.0511539840544615, 178461000000, 
5.269010502753327, 0.0442072975452105, 1.0524779718573125, 178563000000, 
5.275531120964407, 0.04373453115936954, 1.0537968256889554, 178665000000, 
5.2821691840567535, 0.04386227101142263, 1.0551140538516326, 178767000000, 
5.288916481889952, 0.04461786975181662, 1.0564411191274075, 178869000000, 
5.295463806703545, 0.04431540882263718, 1.05776996484335, 178971000000, 
5.302134772017398, 0.04406096709148599, 1.0591010040407263, 179073000000, 
5.3088303008948685, 0.044554980637746176, 1.0604285919743874, 179175000000, 
5.315496181891266, 0.044538032912893044, 1.061764083653569, 179243000000, 
5.322248951837657, 0.0447288364759609, 1.0631050289749195, 179345000000, 
5.328955242342832, 0.044863534838552134, 1.064446691738117, 179447000000, 
5.335708328326503, 0.04486458829615477, 1.0657941681671328, 179549000000, 
5.342441336141759, 0.04495364599642393, 1.0671403271207396, 179651000000, 
5.349178405662935, 0.044900257788104504, 1.0684885380087465, 179753000000, 
5.355885761337765, 0.044814750653353976, 1.0698337002094973, 179855000000, 
5.36263748404743, 0.04486359461498483, 1.0711801100698752, 179957000000, 
5.369461810191031, 0.04525349617755303, 1.072532337038415, 180025000000, 
5.376276197762499, 0.0454623790502288, 1.0738916994667307, 180127000000, 
5.383050651445813, 0.04529613751593923, 1.0752525772932895, 180229000000, 
5.389812925329378, 0.04512242522292986, 1.0766093183025125, 180331000000, 
5.396671001281325, 0.0454011661183736, 1.0779689718704342, 180433000000, 
5.403479522380911, 0.045555323505110934, 1.0793308965994408, 180535000000, 
5.410301390198585, 0.04543462972420068, 1.0806967942573882, 180637000000, 
5.420798130641013, 0.05772869420034077, 1.082305269548034, 180739000000, 
5.430331114805662, 0.06676574869025546, 1.0840953757096838, 180841000000, 
5.436050121456442, 0.05083996938476313, 1.0858119577935412, 180943000000, 
5.441316995758574, 0.03661960317637399, 1.0871798821347118, 181045000000, 
5.443925173533759, 0.026250173591056598, 1.088086152716585, 181113000000, 
5.449079575646041, 0.02587526629155808, 1.0889547829958917, 181215000000, 
5.454379112792549, 0.03484646419596634, 1.0898255907981567, 181317000000, 
5.4602033811291255, 0.03707935161028075, 1.0909108046378477, 181419000000, 
5.465392393878834, 0.03671093695428359, 1.0919983258533672, 181521000000, 
5.470592794308048, 0.034631377263073894, 1.0930792379544003, 181623000000, 
5.475198306698337, 0.03268637606500905, 1.0940788996590145, 181725000000, 
5.480166507368, 0.031912376866506754, 1.0950638405582924, 181827000000, 
5.485208703976188, 0.03336799092616971, 1.096038234536168, 181929000000, 
5.490053793855548, 0.0329576216251611, 1.0970286003466492, 182031000000, 
5.494697129633041, 0.03162808552284346, 1.0979973084976515, 182099000000, 
5.499618126738554, 0.03188110961001911, 1.0989579366818096, 182201000000, 
5.504080581619228, 0.03127817328729243, 1.099893055866055, 182303000000, 
5.508767929752349, 0.03049934337931622, 1.100831109207342, 182405000000, 
5.513319292031879, 0.03079570137550114, 1.101744520226897, 182473000000, 
5.5178072015278135, 0.03013090591821606, 1.1026596282208028, 182575000000, 
5.522322929749923, 0.030012125726814887, 1.1035632948873078, 182677000000, 
5.526675073182131, 0.029559572181057092, 1.1044536802973246, 182779000000, 
5.530958104494549, 0.02878391581541943, 1.1053304071617736, 182881000000, 
5.535173537346162, 0.028328213880103686, 1.106187114334856, 182983000000, 
5.5394680726681935, 0.028366560578814887, 1.1070399809672604, 183085000000, 
5.5437307780100005, 0.028524135546129276, 1.107891492534957, 183187000000, 
5.547928592207658, 0.02820173179821417, 1.1087418295257234, 183289000000, 
5.552123116828646, 0.027974462728819205, 1.1095854991364202, 183391000000, 
5.556329616186627, 0.028003413263230453, 1.1104254216815288, 183459000000, 
5.560519836096477, 0.02798906422610159, 1.1112648379407835, 183561000000, 
5.564494104510483, 0.027214961079519522, 1.1120895704529057, 183663000000, 
5.568593796340471, 0.026913200813313647, 1.1129071824631618, 183765000000, 
5.572626953140986, 0.02710949543501151, 1.1137143235994627, 183867000000, 
5.576705245085157, 0.027038162482287593, 1.1145283996377742, 183969000000, 
5.580710920616357, 0.026946558251236635, 1.1153362079228335, 184071000000, 
5.584670885573635, 0.0265521349615927, 1.1161391367516766, 184173000000, 
5.588691500117238, 0.02660193166960312, 1.116938220420482, 184275000000, 
5.592698677693497, 0.02675930706620792, 1.1177374042256247, 184343000000, 
5.596606098565012, 0.026381994825911786, 1.1185330850917163, 184445000000, 
5.60054568309491, 0.02615668467137529, 1.1193233639568947, 184547000000, 
5.604435461651778, 0.026097876955886907, 1.12010581622078, 184649000000, 
5.6084602519278866, 0.026381896109922327, 1.1208960931116383, 184751000000, 
5.612129960799596, 0.025648330492726856, 1.1216683782919508, 184853000000, 
5.6152517611410415, 0.02263836404384989, 1.1223894649245683, 184955000000, 
5.617647311479397, 0.0183911689326699, 1.1230019355613354, 185057000000, 
5.6196769869426495, 0.014750752672026598, 1.1235050706375391, 185159000000, 
5.621523346452795, 0.012920116577994634, 1.1239231763249895, 185227000000, 
5.6223300773984, 0.00884363485250302, 1.1242353607195894, 185329000000, 
5.623511222531705, 0.006626253596365335, 1.1244909764255266, 185431000000, 
5.6240015279556275, 0.005571501857423537, 1.1246561885257156, 185533000000, 
5.624156318876124, 0.00215032114806372, 1.1247779379575638, 185635000000, 
5.624019477662106, 5.9832354928346376e-05, 1.124811821632924, 185737000000, 
5.6235040298569325, -0.002174296730637811, 1.1247786550930108, 185839000000, 
5.622994218141783, -0.00341753173440947, 1.1247011817107215, 185941000000, 
5.622259511087056, -0.004148395899588782, 1.124583850605718, 186043000000, 
5.621348219612894, -0.005486661762962679, 1.1244401299227822, 186145000000, 
5.6198028901230535, -0.008188736546674846, 1.1242273747215337, 186247000000, 
5.618175723950602, -0.010574985540975726, 1.1239551222457702, 186315000000, 
5.616568635843996, -0.010780847596857749, 1.1236364833278434, 186417000000, 
5.614569252371708, -0.012021571929645702, 1.1232875741444204, 186519000000, 
5.612161940172865, -0.014688985570436111, 1.1228866552259047, 186621000000, 
5.609678448421639, -0.016302679833562667, 1.1224273093977475, 186723000000, 
5.607050297790366, -0.017038807941665013, 1.1219260457589912, 186825000000, 
5.604397893106407, -0.017601851050773238, 1.1214084426212276, 186927000000, 
5.601346519923044, -0.019012592891073748, 1.120852980721321, 187029000000, 
5.598156259709687, -0.02080544465573375, 1.1202600448492757, 187131000000, 
5.595065758621542, -0.02093587100500412, 1.119637902550285, 187233000000, 
5.592098872608617, -0.020191290336898742, 1.119021392729323, 187301000000, 
5.589070346299333, -0.019984707740698937, 1.118415665168633, 187403000000, 
5.5856756016014915, -0.021410903357086397, 1.1177896547006294, 187505000000, 
5.582171743497687, -0.022995342672151864, 1.1171278460932341, 187607000000, 
5.57881257363668, -0.02287675988270621, 1.1164439945823905, 187709000000, 
5.575217445911919, -0.023180991952559776, 1.115746784203086, 187811000000, 
5.571554038953184, -0.024195115611653033, 1.1150389372334524, 187913000000, 
5.568047473760824, -0.023899907170316464, 1.114321263908395, 188015000000, 
5.564156726073783, -0.02465770959800236, 1.1135838825858528, 188117000000, 
5.5604155787592005, -0.02543965000541289, 1.1128413185729205, 188185000000, 
5.556477121063663, -0.025598683367065906, 1.1120699617264431, 188287000000, 
5.552543983698344, -0.02623865020285443, 1.1112957789014137, 188389000000, 
5.548686404724523, -0.025969054463799896, 1.1105138339657687, 188491000000, 
5.544585496102008, -0.026528291987787018, 1.109721058968325, 188593000000, 
5.540533898786661, -0.02717501979287403, 1.1089203866408794, 188695000000, 
5.536414105502131, -0.02723796866625605, 1.1081022333593866, 188797000000, 
5.532113056920852, -0.02806947288603053, 1.1072707374139763, 188899000000, 
5.527532925415813, -0.02960393362105999, 1.1064040058559197, 189001000000, 
5.524433479950646, -0.025598589900687568, 1.1056052974858206, 189103000000, 
5.519700198024189, -0.026109091305412946, 1.1047777735593765, 189171000000, 
5.514085975960666, -0.03449167996659952, 1.1038813102623666, 189273000000, 
5.508062480495656, -0.038792391761776436, 1.1027899102987007, 189375000000, 
5.500558743497741, -0.045090774876414365, 1.1015138133302709, 189477000000, 
5.490881912493242, -0.05726856000804877, 1.099966875765776, 189579000000, 
5.483423582500315, -0.057117203324755415, 1.0983242825660866, 189681000000, 
5.476068479000363, -0.04937811164293038, 1.0966915982662613, 189783000000, 
5.469975939649945, -0.044825476167898635, 1.095297866743375, 189885000000, 
5.458647916506578, -0.0580685416459481, 1.0936461556771258, 189987000000, 
5.453360552547534, -0.05538462367470428, 1.0921322939136038, 190089000000, 
5.440358461756539, -0.06096484916679875, 1.0901577953873767, 190157000000, 
5.427932420131117, -0.08476044138805723, 1.0881100956290126, 190259000000, 
5.417034989799858, -0.07774490652226795, 1.0856883914458344, 190361000000, 
5.4037641661614595, -0.08056084656552424, 1.0832487717394956, 190463000000, 
5.397317351680441, -0.06572546039805616, 1.0812077671761173, 190565000000, 
5.390997277983529, -0.04255629392643456, 1.0794719197216953, 190667000000, 
5.380373827768234, -0.05647841304069109, 1.0779125638288136, 190769000000, 
5.372887301208411, -0.06036658925039499, 1.076283893797345, 190871000000, 
5.361166037428312, -0.0640259677997405, 1.0742951444269973, 190973000000, 
5.345967681906166, -0.08973206434081504, 1.072001401369526, 191041000000, 
5.335049763022948, -0.0870542480178808, 1.0694788988238284, 191143000000, 
5.3264662707842465, -0.06500470373973204, 1.0671655810475575, 191245000000, 
5.316655686472489, -0.061313588501527384, 1.0652114480186454, 191347000000, 
5.303886357496955, -0.07526637762430492, 1.063133887650246, 191449000000, 
5.292290304845755, -0.08121793875578061, 1.0608554899210132, 191551000000, 
5.28321696880705, -0.06889796229968326, 1.0586262420766506, 191653000000, 
5.270915899177593, -0.07124801889387318, 1.0564282115220265, 191755000000, 
5.258845066082195, -0.08123967574951745, 1.054198528937789, 191857000000, 
5.249715753943415, -0.070667150780593, 1.051965114613547, 191959000000, 
5.238301803409314, -0.06847754224293585, 1.0497908415623283, 192027000000, 
5.226946993308012, -0.07589586878467891, 1.0476643033773827, 192129000000, 
5.2177218182593865, -0.06859995049975846, 1.045531374331781, 192231000000, 
5.207406452406748, -0.06513513633754482, 1.0434716842649432, 192333000000, 
5.198002892318703, -0.0657297531356112, 1.0415420775323225, 192435000000, 
5.188218850042905, -0.0639586745461429, 1.039575212984557, 192537000000, 
5.177532299248183, -0.06823531023506746, 1.0375836027739862, 192639000000, 
5.16829212788669, -0.06642240718738535, 1.0356028851451853, 192741000000, 
5.157897294697871, -0.06545001516770732, 1.0335814481221828, 192843000000, 
5.148007763019291, -0.06761454955799569, 1.0316131457069235, 192945000000, 
5.137472767096655, -0.06808175867071793, 1.0295585216542544, 193047000000, 
5.132872506187722, -0.05045085610523081, 1.0278902024202445, 193115000000, 
5.126924531969115, -0.035160783758468504, 1.0264846536835661, 193217000000, 
5.125183449893297, -0.02563018764808393, 1.0256653658700088, 193319000000, 
5.117465597802069, -0.03152978055681821, 1.024638238644299, 193421000000, 
5.10909286681969, -0.05363527691202149, 1.0234494609676703, 193523000000, 
5.0963631771685165, -0.07034140211184277, 1.0215281094526851, 193625000000, 
5.086861594937865, -0.07410423960608388, 1.0194878425950715, 193727000000, 
5.073573478438577, -0.07596566243313063, 1.017119883369664, 193829000000, 
5.062307725933138, -0.0818462300157563, 1.014849519953972, 193897000000, 
5.053275780156062, -0.067658994275052, 1.012610465635185, 193999000000, 
5.04368664885718, -0.06207025691986168, 1.0106180103297586, 194101000000, 
5.033253447566143, -0.06674110863306382, 1.0086810584386257, 194203000000, 
5.023234546960778, -0.0681736729880041, 1.00667830955894, 194305000000, 
5.012559513913033, -0.06897977884370003, 1.0046031672293303, 194407000000, 
5.00250499489167, -0.06909850689702661, 1.0025532703843654, 194509000000, 
4.993401968737407, -0.06385848391875133, 1.0005644318361406, 194611000000, 
4.983462065629084, -0.06347643087528887, 0.9986246019505441, 194713000000, 
4.9741012543994465, -0.06433571445986885, 0.9967310192510624, 194815000000, 
4.96419481433276, -0.06422417098774484, 0.994783875624086, 194883000000, 
4.954053847388929, -0.06682469003505886, 0.992823327741409, 194985000000, 
4.94635082217321, -0.05947997386516709, 0.9909732989263266, 195087000000, 
4.9374548484712895, -0.055329996392131285, 0.989190634535562, 195189000000, 
4.928493782672664, -0.0595234650018206, 0.9874866302211441, 195291000000, 
4.919885246616287, -0.058565339516674086, 0.9857222585173494, 195393000000, 
4.910547866568663, -0.05981972034666919, 0.9839284597238409, 195495000000, 
4.901983973965352, -0.05967090883644962, 0.9821611391433535, 195597000000, 
4.893806994281629, -0.05580290762344712, 0.9804225889877096, 195699000000, 
4.884545925263791, -0.05812682900520431, 0.9786891262340516, 195801000000, 
4.8760711159043675, -0.05911959459087216, 0.9769616023633191, 195903000000, 
4.868197900501059, -0.05449341587577372, 0.9752543294446144, 195971000000, 
4.860367926723263, -0.052343963937016014, 0.9736424628752459, 196073000000, 
4.852941606359073, -0.050854313806620866, 0.9721004955722263, 196175000000, 
4.844861055193447, -0.05168957176605223, 0.9705447058850522, 196277000000, 
4.8369239603720535, -0.05339215329006386, 0.9689817747949715, 196379000000, 
4.829075753665031, -0.052617671761385765, 0.9673907179487021, 196481000000, 
4.82160335973759, -0.05106866878154648, 0.9658402049183117, 196583000000, 
4.814294738394212, -0.049270050902731434, 0.9643315901197889, 196685000000, 
4.806918266977783, -0.04895030919935669, 0.9628544243406388, 196753000000, 
4.7995463853350975, -0.04916117686371457, 0.9613839593804729, 196855000000, 
4.79227103770802, -0.048824097565874545, 0.95991571266806, 196957000000, 
4.784820566002434, -0.04908606444221123, 0.9584425326030368, 197059000000, 
4.777511002291019, -0.04920011805666924, 0.9569735070667649, 197161000000, 
4.770497167195722, -0.047744662689040616, 0.9555219156992784, 197263000000, 
4.763899185861771, -0.04537272143082897, 0.9541271570232341, 197365000000, 
4.751737836502738, -0.06253110230994767, 0.9524089459706819, 197467000000, 
4.738786872428772, -0.08370771144332896, 0.950294926319552, 197569000000, 
4.733677079977256, -0.0602025217516052, 0.9482801192605843, 197671000000, 
4.726198488280931, -0.04196128049280231, 0.9465774960457973, 197739000000, 
4.71801279299626, -0.052214289936654744, 0.9451925574169631, 197841000000, 
4.710833109371144, -0.051217929699290586, 0.9436696260432224, 197943000000, 
4.704097106701649, -0.04638562098203458, 0.9421962006046035, 198045000000, 
4.694646088260207, -0.05395673703645798, 0.9406384202888667, 198147000000, 
4.685053884446107, -0.06347740751847297, 0.9389198052938642, 198249000000, 
4.670793393483608, -0.07950898258866228, 0.9366995577459948, 198351000000, 
4.664325655269917, -0.06909409725396702, 0.9346781955466421, 198453000000, 
4.658055903156642, -0.04245830108988713, 0.9328783301273446, 198555000000, 
4.643440772759112, -0.06961627503601815, 0.9310548220790448, 198657000000, 
4.62952332380482, -0.09510859783940617, 0.9287346666480383, 198759000000, 
4.618651060502563, -0.08263237418849674, 0.9261076771377663, 198827000000, 
4.608695549937031, -0.06942591289263038, 0.9237913289496277, 198929000000, 
4.593531891588655, -0.08373056304635955, 0.9213919001352164, 199031000000, 
4.58192873497775, -0.08922271653093598, 0.9189437451002291, 199133000000, 
4.57030011260583, -0.07743926327608304, 0.916384049278149, 199235000000, 
4.555712254332629, -0.08738826881706944, 0.9138627401277473, 199337000000, 
4.54077366384653, -0.0984214958643322, 0.9111190687189994, 199439000000, 
4.532053326792958, -0.07886309179890343, 0.9085692829981411, 199541000000, 
4.519897386018658, -0.06958759275957387, 0.9061816251105431, 199643000000, 
4.511615447442963, -0.06812626449998582, 0.9042377440169721, 199745000000, 
4.498939191505075, -0.0698606483786109, 0.9020301349977797, 199813000000, 
4.487349067344348, -0.08088793366204901, 0.8998602470861589, 199915000000, 
4.4763512157334215, -0.07529325257217796, 0.897509298305523, 200017000000, 
4.467479322737684, -0.06623248202221414, 0.8954119737210303, 200119000000, 
4.4564470796591005, -0.06634712024773688, 0.8933518412086803, 200221000000, 
4.445798178847246, -0.07227047963479134, 0.8913149720829353, 200323000000, 
4.437280510384618, -0.06388856424827634, 0.8893017179260644, 200425000000, 
4.429513880320686, -0.05428099508853516, 0.8875061713035033, 200527000000, 
4.420583960544285, -0.05565516613444288, 0.8858252234166392, 200595000000, 
4.410871293453959, -0.06214195622242199, 0.8840646089545954, 200697000000, 
4.401102794758753, -0.0649372192851061, 0.8821705365837997, 200799000000, 
4.392366287513093, -0.06168335313621931, 0.8802893583817203, 200901000000, 
4.383728370968597, -0.05791474596718693, 0.8784798302160295, 201003000000, 
4.374846715154836, -0.0583985745275258, 0.8767294249091016, 201105000000, 
4.366327615350047, -0.0580025187284979, 0.8749935134315654, 201207000000, 
4.35815572041391, -0.05563664913641908, 0.8732886700612529, 201309000000, 
4.350166220026602, -0.053871317744818015, 0.8716433037193705, 201411000000, 
4.34160182338257, -0.05517965677113305, 0.8699949175882055, 201479000000, 
4.334019927137468, -0.05382097629711424, 0.8683858647031094, 201581000000, 
4.326618272850787, -0.04994516843927599, 0.8668160015580549, 201683000000, 
4.319923326010984, -0.04698867042161344, 0.8653707683999492, 201785000000, 
4.312402748908064, -0.04738507980907691, 0.8639296231846555, 201887000000, 
4.306476811833574, -0.04482171392470017, 0.8625868591168415, 201989000000, 
4.299563140999939, -0.042798693027084056, 0.8612295134494383, 202091000000, 
4.2934812471649115, -0.04331854889554047, 0.859968079999895, 202193000000, 
4.284876858693056, -0.04895427435627653, 0.8585280831238603, 202261000000, 
4.277645746826142, -0.0527850011292319, 0.857066923512274, 202363000000, 
4.2707521630414504, -0.047082318838684856, 0.8555516512373766, 202465000000, 
4.263915679086763, -0.045766892464597454, 0.8541542392636237, 202567000000, 
4.25718919806908, -0.045209883241235836, 0.8527904693464862, 202669000000, 
4.250143814884866, -0.04590621400632303, 0.8514165794693804, 202771000000, 
4.243366637686987, -0.046075201273643174, 0.8500466433760622, 202873000000, 
4.236728323864972, -0.04471830339964752, 0.8486825850957883, 202975000000, 
4.230127215897762, -0.04413140596408146, 0.8473481451633148, 203077000000, 
4.224011299990069, -0.04239007958300789, 0.8460577893168535, 203145000000, 
4.2175977848223125, -0.04176477025149931, 0.8447824200473429, 203247000000, 
4.211308982772477, -0.04234105739197543, 0.8435278711723238, 203349000000, 
4.205075773732845, -0.04174003696489237, 0.8422655027551755, 203451000000, 
4.198814290023807, -0.04164897582889774, 0.8410132697686085, 203553000000, 
4.192613409744889, -0.04154121329318509, 0.8397668982334361, 203655000000, 
4.18638189306157, -0.04144132320745619, 0.8385206395220178, 203757000000, 
4.180414919525559, -0.04066163406443538, 0.8372940148221345, 203859000000, 
4.17435004201003, -0.040106170171802326, 0.8360764569731439, 203927000000, 
4.168401891999391, -0.040043425087225394, 0.8348777902356653, 204029000000, 
4.162491833768816, -0.03952736080404584, 0.8336829178518824, 204131000000, 
4.156572104635202, -0.03943262454729535, 0.8324977220268939, 204233000000, 
4.1507217298158094, -0.03923367984335494, 0.8313190445479886, 204335000000, 
4.144740214442413, -0.03943963397596543, 0.8301356032595617, 204437000000, 
4.138969156259195, -0.03917524518871396, 0.8289620733678278, 204539000000, 
4.133148714217633, -0.03863833408259983, 0.8277905389946161, 204641000000, 
4.12740780372666, -0.03853784177511699, 0.8266350449468992, 204743000000, 
4.12168068855058, -0.03822675222351061, 0.8254824804329915, 204845000000, 
4.115983144548147, -0.038082197261711435, 0.8243381091216925, 204947000000, 
4.110360268591462, -0.037734733197059, 0.8232016067793458, 205015000000, 
4.10469710418098, -0.037620134557222094, 0.8220693678213726, 205117000000, 
4.099122124706912, -0.03746047961516711, 0.820945299831957, 205219000000, 
4.093506452557875, -0.03730217207701614, 0.8198217120963844, 205321000000, 
4.087960222810004, -0.03720633965635933, 0.8187059200049861, 205423000000, 
4.082442675133894, -0.03687925807993745, 0.8175939567001183, 205525000000, 
4.076893434735673, -0.03688929358110234, 0.8164864221786381, 205627000000, 
4.071431030150153, -0.03670548327913655, 0.8153844760013147, 205729000000, 
4.065991280549004, -0.03634051395556467, 0.8142877163623221, 205831000000, 
4.060586999225692, -0.03614676974820282, 0.8132006206616565, 205899000000, 
4.055115041920749, -0.03625412876084866, 0.8121128881130296, 206001000000, 
4.049698299473069, -0.03629566584207803, 0.811026689374634, 206103000000, 
4.04441021111822, -0.03568276934176495, 0.8099482368341357, 206205000000, 
4.039081747948319, -0.03538850508250017, 0.808879350569307, 206307000000, 
4.033666004192396, -0.03581402308607965, 0.807810530883929, 206409000000, 
4.028440381578051, -0.035471221234226746, 0.806745875581251, 206511000000, 
4.023211454076832, -0.03484850038521318, 0.8056878559898185, 206613000000, 
4.0179617943827575, -0.03492862398431088, 0.804640908669176, 206715000000, 
4.012694201918, -0.035057507196105675, 0.803591163358506, 206783000000, 
4.007492305880464, -0.034898295007644485, 0.8025432201454149, 206885000000, 
4.002316463199293, -0.03459246239569206, 0.8015001980665171, 206987000000, 
3.997177506034298, -0.03438266615388782, 0.8004657516742704, 207089000000, 
3.9920432245987674, -0.034244128668417716, 0.7994358129221572, 207191000000, 
3.986942245402307, -0.03411753543996957, 0.7984108650690248, 207293000000, 
3.981846340047966, -0.03398961516933863, 0.7973887873366027, 207395000000, 
3.9768072474740426, -0.03378332642754778, 0.7963730555282876, 207497000000, 
3.9717223590710415, -0.03374660325641413, 0.7953583964395365, 207599000000, 
3.9667271403054114, -0.03360035722877056, 0.794350449790033, 207667000000, 
3.9617146765138735, -0.033358941857226654, 0.7933442783926884, 207769000000, 
3.9566998836807805, -0.03342418874876962, 0.7923427800333377, 207871000000, 
3.9517242458211523, -0.03330143564240403, 0.7913425870677204, 207973000000, 
3.9468043848746515, -0.03298499602043018, 0.7903485676251056, 208075000000, 
3.941853817573232, -0.03290142749306835, 0.7893588298846024, 208177000000, 
3.937031170843804, -0.03257738010282433, 0.7883792915527792, 208279000000, 
3.932118429476907, -0.03245129365441635, 0.7874002278595962, 208381000000, 
3.9273023997032737, -0.03242923713510167, 0.7864301333349323, 208483000000, 
3.9224426778733985, -0.03225250534502807, 0.7854575671369053, 208551000000, 
3.9176506769063044, -0.03217240932323081, 0.7844930502988651, 208653000000, 
3.912827899087593, -0.03204926261935211, 0.783528083591153, 208755000000, 
3.908112199730797, -0.03179492391835866, 0.7825727183816462, 208857000000, 
3.9033228272045455, -0.0316835729434913, 0.7816175284015291, 208959000000, 
3.898545622511185, -0.03188859073203876, 0.7806653766297685, 209061000000, 
3.895046867090117, -0.0275865337147622, 0.779794354453723, 209163000000, 
3.886866898206297, -0.03892908101629455, 0.7786972925205066, 209265000000, 
3.8769429895184064, -0.06034625857236797, 0.7772571169876547, 209367000000, 
3.8689230002802897, -0.05981299308669049, 0.7755155258669996, 209435000000, 
3.8659820490057832, -0.036536468375410656, 0.7741232025869653, 209537000000, 
3.8594371701364762, -0.03161943381271145, 0.7729561479615034, 209639000000, 
3.8516558658226754, -0.047753943943692846, 0.771805005664329, 209741000000, 
3.84072868604014, -0.062361613654453585, 0.7701214481332862, 209843000000, 
3.832409980721321, -0.06415295033784722, 0.7683196355056091, 209945000000, 
3.824222112818456, -0.055021910738946765, 0.7664907186386611, 210047000000, 
3.8164736276187927, -0.05312117700842833, 0.7648737147439046, 210149000000, 
3.8076596516878283, -0.05520820376875957, 0.7632236928083385, 210251000000, 
3.7992878006202124, -0.05728608999526763, 0.7615614053284555, 210319000000, 
3.7904898712091333, -0.05723260159564999, 0.7598291549011449, 210421000000, 
3.781217206200964, -0.06023531473082766, 0.7580663252020207, 210523000000, 
3.773383142165471, -0.057022430145541314, 0.7563393479717047, 210625000000, 
3.7646271795539756, -0.05530008882329499, 0.7546151685280273, 210727000000, 
3.7558541520308197, -0.05842996711550382, 0.7529242982500177, 210829000000, 
3.747073871792673, -0.05851102587100865, 0.7511703468918313, 210897000000, 
3.7379960984774265, -0.05952684517797735, 0.7493949414867279, 210999000000, 
3.7291377288740124, -0.05978714306220212, 0.7476138466096074, 211101000000, 
3.7198727343659064, -0.06041121370506719, 0.7458004374478231, 211203000000, 
3.710673905943099, -0.061546076436377696, 0.7439789579455346, 211305000000, 
3.701698897236864, -0.06057945709680842, 0.742149702503058, 211407000000, 
3.6924236522611507, -0.06083417893982812, 0.7403197636960743, 211509000000, 
3.6833863354230285, -0.06104187271278446, 0.7385005923280695, 211577000000, 
3.6745787619686427, -0.05948296764169303, 0.736692583310188, 211679000000, 
3.665409828288227, -0.059921690449339, 0.7348916617119933, 211781000000, 
3.6566593337097264, -0.05973142752972116, 0.733109861597773, 211883000000, 
3.64772938535073, -0.05893480979165607, 0.7313199031565789, 211985000000, 
3.638717524343104, -0.05980603122207532, 0.729540416226904, 212087000000, 
3.629558882503398, -0.06056834282443931, 0.7277337194798155, 212155000000, 
3.620485118774817, -0.06077468522762253, 0.7259174350414213, 212257000000, 
3.6112392494519012, -0.061065443504989915, 0.7240855500486745, 212359000000, 
3.6022447793670973, -0.060801131359065806, 0.7222646098395877, 212461000000, 
3.593034191675353, -0.06068352592182672, 0.7204345480329567, 212563000000, 
3.58382213946338, -0.06140879967905762, 0.7186067407003888, 212665000000, 
3.5746282323483114, -0.06135319775680603, 0.716765637565803, 212767000000, 
3.565510724892296, -0.06103804857027958, 0.7149307397802659, 212835000000, 
3.556250738238221, -0.06125831370030088, 0.7130926463652552, 212937000000, 
3.547006533224792, -0.06168063889168055, 0.7112511997570207, 213039000000, 
3.53784791653125, -0.06134273902323647, 0.7094070125329509, 213141000000, 
3.528640279069473, -0.06122084718439632, 0.7075663152550343, 213243000000, 
3.519352678565728, -0.06165079321840702, 0.70572272494443, 213345000000, 
3.509998588556836, -0.06213896837545659, 0.7038661030794691, 213447000000, 
3.5009594776517887, -0.061310669713131226, 0.7020207163182901, 213549000000, 
3.4917132585325805, -0.06095110008085195, 0.7001780883160804, 213651000000, 
3.4823544123320875, -0.062016884399003956, 0.6983351432344305, 213753000000, 
3.473008680768764, -0.06234859254605466, 0.6964717567755622, 213821000000, 
3.4639988090130234, -0.06118534439688054, 0.6946241268075917, 213923000000, 
3.454751811358305, -0.060856231368197435, 0.6927839534093395, 214025000000, 
3.4455197439494, -0.06159688354541171, 0.6909513576213818, 214127000000, 
3.436248678507925, -0.06167710950126656, 0.689101348921042, 214195000000, 
3.427046752835976, -0.061576637044746065, 0.6872543450195534, 214297000000, 
3.4178744346463117, -0.06124747953871079, 0.6854113243993475, 214399000000, 
3.4085922613840354, -0.061514971506468896, 0.6835675632577549, 214501000000, 
3.399173131320192, -0.062337677753732855, 0.6817093218233693, 214603000000, 
3.3900366031526707, -0.06185219410454875, 0.6798534663904598, 214705000000, 
3.380862882118108, -0.061034164006946355, 0.6780048411060647, 214807000000, 
3.3716191888352594, -0.061391381058037986, 0.6761679116070691, 214909000000, 
3.362249991049988, -0.06204297022706603, 0.6743154708002237, 215011000000, 
3.3531554197871625, -0.0615458968269896, 0.6724683066448274, 215079000000, 
3.343852613437441, -0.06132459204182409, 0.6706172016183061, 215181000000, 
3.334688667175164, -0.06155584203999531, 0.6687797800266511, 215283000000, 
3.32542329914218, -0.06143104765086912, 0.6669309719836523, 215385000000, 
3.315945196766065, -0.06247823469699654, 0.6650704775388939, 215487000000, 
3.2969563891925167, -0.09488969983221167, 0.6625549923400508, 215589000000, 
3.2857911559062916, -0.10051346953257785, 0.6599128494576583, 215691000000, 
3.2761971069542963, -0.0691976074607344, 0.6572629768035403, 215793000000, 
3.2652592305246624, -0.06843975127209727, 0.6551498328923501, 215895000000, 
3.250064683433143, -0.08710807840384434, 0.6527680680608068, 215963000000, 
3.2403501197539977, -0.08303036923554903, 0.6503782689141202, 216065000000, 
3.230463269343114, -0.06533804696676378, 0.6480585381686836, 216167000000, 
3.220529337017644, -0.0660692757878456, 0.646089515074317, 216269000000, 
3.2098667524783773, -0.06865505621578875, 0.6440572905892757, 216371000000, 
3.2000924717159207, -0.06812288433907761, 0.6420325707474628, 216473000000, 
3.1909077844261953, -0.06319656017394, 0.6400578005746995, 216575000000, 
3.18003781403045, -0.06684885895156849, 0.6380692046781711, 216677000000, 
3.169947912253587, -0.06986624057536102, 0.6360595673806821, 216779000000, 
3.160002266293077, -0.06678515912457754, 0.6339991995051409, 216881000000, 
3.1498383854645295, -0.06703175596352473, 0.631985904267413, 216949000000, 
3.139497815795625, -0.0683481683248403, 0.629955897836882, 217051000000, 
3.1295711843866005, -0.06755733692643003, 0.6279271590431169, 217153000000, 
3.1196123117301027, -0.06628501355174048, 0.6259120874608219, 217255000000, 
3.1097651874573, -0.0660199897643358, 0.6239299122382669, 217357000000, 
3.09993418642877, -0.06559375100444242, 0.6219541123744114, 217459000000, 
3.0901190829700935, -0.06548701495735425, 0.6199878971237441, 217561000000, 
3.0801766144425984, -0.06585857328723854, 0.6180153255894307, 217663000000, 
3.0700252660914567, -0.06697938959545624, 0.6160213975669433, 217765000000, 
3.0601652785476365, -0.06670445298320615, 0.6140244772721127, 217867000000, 
3.0502211000310857, -0.06601388686790315, 0.6120274429780119, 217935000000, 
3.0403213836827896, -0.06614631621615648, 0.6100471841507674, 218037000000, 
3.0303656359522892, -0.06618488026265486, 0.6080605413110777, 218139000000, 
3.020495610476569, -0.0660859106874027, 0.6060788420074432, 218241000000, 
3.010538090847762, -0.06609181701509037, 0.6040932891517747, 218343000000, 
3.0006357561409973, -0.0661995144519049, 0.6021112971643552, 218445000000, 
2.9905633161507863, -0.0665825823232528, 0.6001158108759697, 218547000000, 
2.9807884132610925, -0.06615780959968287, 0.5981324990368584, 218649000000, 
2.9707974554187038, -0.0658862024402751, 0.5961432789887056, 218751000000, 
2.9608571880515986, -0.06643741736497955, 0.5941628704487596, 218819000000, 
2.9508619084955336, -0.06645182307723374, 0.5921677701310557, 218921000000, 
2.9409096182978938, -0.06649189917901606, 0.5901752476563351, 219023000000, 
2.9310753043445548, -0.06595534716992961, 0.5881897887425321, 219125000000, 
2.9211002139044187, -0.06603134797825039, 0.5862056757697912, 219227000000, 
2.911053417994843, -0.06673962116570564, 0.5842152624162544, 219329000000, 
2.9011776633295003, -0.0664085019163944, 0.5822220863485841, 219431000000, 
2.8912100579761155, -0.0661445333957585, 0.5802294092866973, 219533000000, 
2.8812105468403777, -0.06655705496374213, 0.5782398845430663, 219601000000, 
2.87116613611084, -0.0668130728842516, 0.5762391160618222, 219703000000, 
2.8613198858481224, -0.06630220330751779, 0.5742464379199559, 219805000000, 
2.851414390457099, -0.06583915217913609, 0.5722600274944041, 219907000000, 
2.84138963131591, -0.06643418177404066, 0.5702749271747422, 220009000000, 
2.831320424513408, -0.06697988647897131, 0.5682749630857611, 220111000000, 
2.8213695768991767, -0.06673351472244497, 0.566271975515233, 220213000000, 
2.8115636195298226, -0.06585601661195077, 0.5642835747294939, 220315000000, 
2.8015692361789863, -0.06600113573396775, 0.5623001621738657, 220417000000, 
2.7914601889454245, -0.06701143528132707, 0.560306202976949, 220485000000, 
2.7816965204866233, -0.06624238564121014, 0.5583150630407356, 220587000000, 
2.7717351489310507, -0.06575013338124602, 0.5563261238908732, 220689000000, 
2.7617024814235993, -0.06664679687674664, 0.5543422767227516, 220791000000, 
2.7517632076042404, -0.06657313775603413, 0.5523467225305926, 220893000000, 
2.7417392980107205, -0.06654394470959613, 0.550346999135904, 220995000000, 
2.731854893520248, -0.06636104694664209, 0.5483571599423472, 221097000000, 
2.7217731869175354, -0.06655370364395008, 0.5463578252299003, 221199000000, 
2.711911261591663, -0.06647877309528205, 0.5443692894686297, 221301000000, 
2.701770126416066, -0.06667686833823201, 0.542363638328351, 221403000000, 
2.6918975284482882, -0.06671244381124986, 0.5403719277637345, 221471000000, 
2.68198946259106, -0.06593554608335328, 0.5383771411636943, 221573000000, 
2.6718272742780282, -0.06690084723419994, 0.5363809510211583, 221675000000, 
2.661917434103045, -0.06690676162671642, 0.534382278064809, 221777000000, 
2.652074948060432, -0.0658410873919868, 0.5323879770961003, 221879000000, 
2.6420250262981293, -0.06630802601638545, 0.530401160564107, 221981000000, 
2.6319258814176916, -0.0671635554758021, 0.5284017237184169, 222083000000, 
2.6221089622453837, -0.06638688017581866, 0.526403991330747, 222151000000, 
2.6120801249593133, -0.06615252152792757, 0.5244076645748259, 222253000000, 
2.6027713315531473, -0.06445876897412124, 0.5224640279171896, 222355000000, 
2.5929606451665084, -0.06373159930934975, 0.5205208067785979, 222457000000, 
2.5831169153782767, -0.06551472058290209, 0.5185899261398621, 222559000000, 
2.573354656008992, -0.06535329719172071, 0.5166288144369184, 222661000000, 
2.563272123661373, -0.06614930572301188, 0.5146495796699094, 222729000000, 
2.553575317615447, -0.06593112797848318, 0.5126801398190541, 222831000000, 
2.543632248138736, -0.06546625174212413, 0.5106986459610371, 222933000000, 
2.533626519936615, -0.06649599226277392, 0.5087222723793866, 223035000000, 
2.5236242393309207, -0.06669336269271724, 0.5067255338270849, 223137000000, 
2.5136578488436343, -0.06656223697660242, 0.5047272405407446, 223239000000, 
2.5036848370517197, -0.0664646742640033, 0.5027311283484184, 223341000000, 
2.4936524806297817, -0.0666845607128419, 0.5007330111016758, 223443000000, 
2.483669012591266, -0.0667194148681786, 0.49873375535151787, 223545000000, 
2.473516618314806, -0.06711954104991887, 0.4967225407690569, 223647000000, 
2.4635556045258418, -0.06704469355141462, 0.49471608236212755, 223749000000, 
2.453554109782, -0.06654169510935375, 0.4927084221748432, 223817000000, 
2.4435853523702105, -0.06656750718543769, 0.49071300444520344, 223919000000, 
2.4335095233284525, -0.06681528817849151, 0.4887099323653776, 224021000000, 
2.423492016247958, -0.06697778707417464, 0.48670579279644144, 224123000000, 
2.4136025210609353, -0.06635667422505727, 0.4847069373758231, 224225000000, 
2.4035163339302135, -0.06658560772581534, 0.4827073914159404, 224327000000, 
2.3935695904296437, -0.06677643543763878, 0.4807125630280529, 224429000000, 
2.3835405902683, -0.0665858122063782, 0.4787084343085438, 224531000000, 
2.3736182810606166, -0.06650436456342372, 0.47671523078390404, 224633000000, 
2.3636073640287405, -0.06644408746519836, 0.47471774902384384, 224701000000, 
2.353567889114415, -0.06683463982067206, 0.4727195689469181, 224803000000, 
2.343583652305589, -0.06674570574383883, 0.4707172603632496, 224905000000, 
2.3335717638967837, -0.0666537507254376, 0.46871488702111913, 225007000000, 
2.3235970767469265, -0.06662191852887449, 0.46671683286328663, 225109000000, 
2.3135839688665616, -0.0666259834340736, 0.4647168539673514, 225211000000, 
2.303649465678156, -0.06649203689590137, 0.46272203408610957, 225313000000, 
2.2937242705462975, -0.06619899440088044, 0.4607305136727343, 225415000000, 
2.2836784255578046, -0.06657013373450482, 0.45873681078548384, 225483000000, 
2.2736393174267557, -0.06694984373180575, 0.4567361342353905, 225585000000, 
2.2636842421967605, -0.0666472778701473, 0.45473346567875467, 225687000000, 
2.2537233483472385, -0.06638656359839068, 0.4527364605313836, 225789000000, 
2.2436457553116136, -0.06679495628382288, 0.4507368897237075, 225891000000, 
2.233618118678007, -0.06701743223077224, 0.4487324814891239, 225993000000, 
2.2237010756593913, -0.06648226550740748, 0.4467309966432675, 226095000000, 
2.213688027666359, -0.06643363670549333, 0.4447338148002505, 226197000000, 
2.203746798890884, -0.06651425589502491, 0.44274239348110894, 226299000000, 
2.1936942737426155, -0.06664584641247788, 0.4407419400199905, 226367000000, 
2.183687676290839, -0.06686374200015018, 0.4387419165949559, 226469000000, 
2.1736735346315847, -0.06673579703676917, 0.4367370323110026, 226571000000, 
2.1636626232691447, -0.06675017673898036, 0.4347349222794379, 226673000000, 
2.153511121612129, -0.06720804339818513, 0.4327231519675239, 226775000000, 
2.1435949878440668, -0.06689211808359315, 0.43071791551502264, 226877000000, 
2.13366367896033, -0.06615814217266387, 0.4287179858944351, 226979000000, 
2.123633421457652, -0.06653855462138185, 0.42672613921746994, 227081000000, 
2.1135872200658508, -0.0669215296482643, 0.4247256213655889, 227183000000, 
2.1036244274184783, -0.0666966467972463, 0.4227230045961321, 227251000000, 
2.093630186780623, -0.06652344428409229, 0.4207227889509968, 227353000000, 
2.0836437647140285, -0.0666022090148329, 0.41872655859420865, 227455000000, 
2.0736076603727986, -0.06674175469274808, 0.41672544079116336, 227557000000, 
2.063412657791875, -0.06743702307384414, 0.4147109388585801, 227659000000, 
2.054018245204047, -0.0652980505625056, 0.4127359042245814, 227761000000, 
2.036494396616682, -0.08972753725064415, 0.4102616866408403, 227863000000, 
2.026510159000397, -0.09169362067883362, 0.4078015200547417, 227965000000, 
2.016168254644296, -0.06775380657462045, 0.40527818735075827, 228033000000, 
2.0030760970951076, -0.07811353968429764, 0.40305030071598663, 228135000000, 
1.9935595364819187, -0.07536239387459027, 0.4008535925480881, 228237000000, 
1.983923947300993, -0.06384049931371501, 0.3987039720585346, 228339000000, 
1.9738467865324947, -0.06570916649808023, 0.3967553513543604, 228441000000, 
1.96352365291682, -0.0680009812805767, 0.3947529591166872, 228543000000, 
1.9535432308002212, -0.06767851910757831, 0.3927275780166357, 228645000000, 
1.942780598027768, -0.0691435162968405, 0.39065649878298725, 228747000000, 
1.9323634891764632, -0.07059913874586006, 0.3885791545336302, 228849000000, 
1.9216514112789227, -0.07043062249615077, 0.38645303323221025, 228951000000, 
1.9118437173499565, -0.06839923942168886, 0.3843905745203562, 229019000000, 
1.9020458145504031, -0.06535198909506527, 0.38236939621195215, 229121000000, 
1.8927439763202751, -0.06366580343227124, 0.3804422338813757, 229223000000, 
1.8831072110128817, -0.06312867845840471, 0.37852646679223734, 229325000000, 
1.8734461618090963, -0.06432604837059615, 0.37661982327615023, 229427000000, 
1.8636009200710566, -0.06502096980608367, 0.3746769528595356, 229529000000, 
1.8536003042924423, -0.06615285838884673, 0.3727098257448397, 229631000000, 
1.8439401019038975, -0.06553606055719714, 0.37074275508449306, 229733000000, 
1.8344587284574405, -0.06380525278333919, 0.36879994231025204, 229801000000, 
1.824565966429102, -0.06458045158265129, 0.36686431978602935, 229903000000, 
1.815043790859851, -0.06471645865863203, 0.36493789904975954, 230005000000, 
1.80545444706084, -0.0637050645608735, 0.36300428028998616, 230107000000, 
1.795836034914527, -0.06402585315107956, 0.3610889515223478, 230209000000, 
1.7862593638885307, -0.06398361057436446, 0.35916998972425984, 230311000000, 
1.7767819453944271, -0.06351363173366635, 0.3572584896131657, 230413000000, 
1.7671993916230442, -0.063533240884955, 0.3553493800604001, 230515000000, 
1.7577342984039805, -0.06349215663482195, 0.3534477090280968, 230617000000, 
1.748092709339929, -0.06368894094371728, 0.35153509329113025, 230719000000, 
1.7384946272789914, -0.06413223708329714, 0.3496214423348601, 230821000000, 
1.7291301702093396, -0.06320846376863143, 0.34771450045521735, 230889000000, 
1.7195263648629868, -0.06322754138668192, 0.34581007749008785, 230991000000, 
1.7100405308873126, -0.06363213107342336, 0.34391313773064264, 231093000000, 
1.7006689162430408, -0.0628581620664866, 0.342015720799556, 231195000000, 
1.6913625489462523, -0.062259939803534316, 0.3401381330717737, 231297000000, 
1.681788896450849, -0.0629333993073063, 0.3382546907760095, 231399000000, 
1.6725521852559009, -0.06270121230117127, 0.3363802420435335, 231501000000, 
1.6631436527855308, -0.062150812217727225, 0.3344989822994853, 231603000000, 
1.6538408451697348, -0.062371133620553465, 0.33263577888074447, 231671000000, 
1.6445248900666174, -0.06206254239637795, 0.33076729253479215, 231773000000, 
1.6354391591061515, -0.06133895354527796, 0.32892032628950024, 231875000000, 
1.631614333422791, -0.04303518881275448, 0.32743855883970396, 231977000000, 
1.62355468549918, -0.03961491202323808, 0.3260405452018748, 232079000000, 
1.6137502992595443, -0.05954678054415593, 0.324594621212101, 232181000000, 
1.603536090868269, -0.06672864876970348, 0.32272273837513293, 232283000000, 
1.5909719521914274, -0.07592782356038959, 0.32055055615461603, 232385000000, 
1.5812392716053765, -0.07432273087630836, 0.31838315431100483, 232487000000, 
1.571682326910811, -0.06429875093538835, 0.3162595700471743, 232555000000, 
1.5623172614909757, -0.06307336704800252, 0.3143492573338109, 232657000000, 
1.553184548578839, -0.061659261106573236, 0.312478942465375, 232759000000, 
1.5435185180721256, -0.06266247806283376, 0.3106013552094627, 232861000000, 
1.5338537124322145, -0.06443612048874818, 0.30870378527221193, 232963000000, 
1.5239207697176684, -0.06532582784819052, 0.30675286668146723, 233065000000, 
1.5137723800686196, -0.06693777454531628, 0.30476979081456684, 233167000000, 
1.5039003886115314, -0.0667346036871234, 0.3027729025598546, 233269000000, 
1.4943598174138981, -0.06470854218240489, 0.30080217240626994, 233337000000, 
1.483772720577283, -0.0670922267808279, 0.2988021951068475, 233439000000, 
1.4738930457553314, -0.06822257219522232, 0.2968017055831008, 233541000000, 
1.464140293104615, -0.06544142490889342, 0.2947870706291486, 233643000000, 
1.45443107212345, -0.06487324543960504, 0.2928309607322264, 233745000000, 
1.444626187152006, -0.0650470198420298, 0.2908798368253381, 233847000000, 
1.4347710048894802, -0.06553355744656579, 0.2889218842776624, 233949000000, 
1.4249621380773063, -0.06554683024899921, 0.28695728867458614, 234051000000, 
1.4149748474772013, -0.06598719137426305, 0.28498053269626583, 234119000000, 
1.4050694000666637, -0.06630912670214206, 0.2830004257080781, 234221000000, 
1.3953762167731996, -0.06532876901333899, 0.281028030954471, 234323000000, 
1.3855567742730237, -0.06504208597879997, 0.2790668260741925, 234425000000, 
1.3757104233250863, -0.06555264482704419, 0.2771095609580873, 234527000000, 
1.3657096150018804, -0.06615719757047778, 0.275131787506666, 234629000000, 
1.3558810509511277, -0.06609790791319552, 0.27315340595187293, 234731000000, 
1.3459352199673027, -0.06591465011525892, 0.27116839239468743, 234833000000, 
1.3360670889065938, -0.06604654014844631, 0.2691922239883349, 234935000000, 
1.3259998671218984, -0.06645117615134755, 0.26720014506638634, 235003000000, 
1.316269146448039, -0.06599314152851606, 0.26522240683176873, 235105000000, 
1.3062663158100063, -0.06577850437297379, 0.26323568862532953, 235207000000, 
1.2966269775780834, -0.06547389623318504, 0.26127749598907524, 235309000000, 
1.2865849284546362, -0.06560462451790021, 0.2592985481228484, 235411000000, 
1.2768247383017128, -0.06600746425456865, 0.25733577628896215, 235513000000, 
1.2670052424762344, -0.06526561992800624, 0.2553609939488389, 235615000000, 
1.2571378837237943, -0.06562284859306174, 0.25339785763344946, 235717000000, 
1.2471293954048703, -0.06625282357121343, 0.25141816810699325, 235819000000, 
1.2371561850537598, -0.0666056622334484, 0.24942823094549493, 235921000000, 
1.2272515418286098, -0.06625951192086828, 0.24743580815248267, 235989000000, 
1.217146522116162, -0.06669887645865957, 0.24543694993323545, 236091000000, 
1.2073199644990606, -0.06643859109849733, 0.24344786856292217, 236193000000, 
1.1974881144313592, -0.06552802561600919, 0.24146364006977214, 236295000000, 
1.1877349786733797, -0.06528328608560303, 0.23950287050691993, 236397000000, 
1.1778338584667354, -0.06551418654874593, 0.23753713010476496, 236499000000, 
1.1677340661958129, -0.06666970825855618, 0.23555352688906184, 236601000000, 
1.1579239503819023, -0.06636636028277687, 0.23356612500296337, 236703000000, 
1.148134387309548, -0.06533226295421635, 0.23158616025915085, 236805000000, 
1.1381607879175029, -0.06587720821466488, 0.2296146083739302, 236873000000, 
1.1283170519097103, -0.06605778466612551, 0.22764081514245071, 236975000000, 
1.1243417577036179, -0.04606343404628325, 0.22605463983538873, 237077000000, 
1.1211112308082205, -0.024019403671632727, 0.22491800269476991, 237179000000, 
1.1111803410195369, -0.04387138894693665, 0.22377555530209167, 237281000000, 
1.1023596527576063, -0.06250526016871409, 0.22231008163902424, 237383000000, 
1.0929762539898866, -0.06068029009883421, 0.220434416517802, 237485000000, 
1.0831007172712166, -0.06419645162129894, 0.2185624416012473, 237587000000, 
1.0735453935920796, -0.06476953465935686, 0.21664149099021218, 237689000000, 
1.0633449714646577, -0.06585248602186307, 0.2146660721551969, 237791000000, 
1.0543220596410474, -0.06407777983677383, 0.21274749497985232, 237859000000, 
1.0444419191517131, -0.06301017437648178, 0.21080726335049457, 237961000000, 
1.0340175647844538, -0.0676816495219786, 0.20885210290514764, 238063000000, 
1.0241264352961947, -0.06771827951839467, 0.20683906128215745, 238165000000, 
1.0143685730288967, -0.0654966391851904, 0.20483417154063635, 238267000000, 
1.0043356892647473, -0.06596915343815828, 0.20285537983932259, 238369000000, 
0.99353757983835, -0.06943664396848903, 0.20081612280879962, 238471000000, 
0.9839719136850749, -0.06787925193224131, 0.1987896788525448, 238573000000, 
0.9739931016611619, -0.06514826059062691, 0.19676683967897243, 238675000000, 
0.9641708741510163, -0.06600346511352846, 0.19480905929981687, 238743000000, 
0.9540296347116451, -0.06654488983172262, 0.19281290736825488, 238845000000, 
0.9438892309687865, -0.06760547727409934, 0.19080598265542986, 238947000000, 
0.934005692463082, -0.06674647416187729, 0.1887949705429009, 239049000000, 
0.9240146797840283, -0.06624850394919408, 0.18679397354772648, 239151000000, 
0.9140020337140006, -0.06667886249693795, 0.1848014937307407, 239253000000, 
0.9039554877458954, -0.06686397346044297, 0.18279814674959494, 239355000000, 
0.8941811456772367, -0.06606962678921284, 0.18080924447580884, 239457000000, 
0.8843222209569681, -0.06544422262975765, 0.1788305902920067, 239559000000, 
0.8745261945786533, -0.06551650366194466, 0.17686863741419057, 239661000000, 
0.8646667934467805, -0.06551809170062521, 0.17490101393216012, 239729000000, 
0.854792182589926, -0.06578003996242458, 0.17293234470769067, 239831000000, 
0.8448288462603317, -0.06612649062149607, 0.17095252148646922, 239933000000, 
0.8347768247862659, -0.06671785934553347, 0.16895985690910156, 240035000000, 
0.8250238804039154, -0.06601655285472112, 0.16697530343003422, 240137000000, 
0.8151805192885467, -0.0653210183257306, 0.16499874829858188, 240239000000, 
0.8053561981556295, -0.06555894082761952, 0.16303737318987277, 240341000000, 
0.7954137472336237, -0.06588924018307685, 0.1610633643118533, 240443000000, 
0.7853756137503912, -0.06660194801746104, 0.15907637060930963, 240511000000, 
0.7756377119079726, -0.06592011775217028, 0.15709513819279916, 240613000000, 
0.7658499627257745, -0.06508550341538892, 0.1551242192256092, 240715000000, 
0.7558957808527347, -0.06580643685079306, 0.15315889703243213, 240817000000, 
0.7460166786918436, -0.06611094677976974, 0.1511841614846902, 240919000000, 
0.736168641684928, -0.06575713055935554, 0.14920540674863375, 241021000000, 
0.7262898743062183, -0.06575601461875118, 0.14723167964553263, 241123000000, 
0.7164730587241684, -0.06565194320253191, 0.145262104981021, 241191000000, 
0.7065410888818058, -0.06582928474804166, 0.1432869347941462, 241293000000, 
0.6968650152209492, -0.06536014501073069, 0.1413252775217949, 241395000000, 
0.6870811102335572, -0.06486659549416185, 0.13936581428908748, 241497000000, 
0.6772599438497267, -0.06535023790407528, 0.13741373795361553, 241599000000, 
0.6673387064565398, -0.06580801259005804, 0.13544531736932158, 241701000000, 
0.6576307977719573, -0.06543048692589777, 0.13348196320521494, 241803000000, 
0.6473873748992275, -0.06650443852437442, 0.13149045860851497, 241905000000, 
0.6479570426387649, -0.03224585044397488, 0.13019834768733, 242007000000, 
0.6295441023505992, -0.05947757516209425, 0.1283259013259061, 242109000000, 
0.6195463291350477, -0.09470237834572386, 0.12646983160829411, 242177000000, 
0.6096051654894299, -0.0664631228705644, 0.12391303979833845, 242279000000, 
0.5990314037996605, -0.06838308445129078, 0.12187885989494254, 242381000000, 
0.5895702591958897, -0.06678302097846738, 0.11988045523233201, 242483000000, 
0.5793531125156859, -0.06559430427991526, 0.11786365170074907, 242585000000, 
0.5696640650738188, -0.06635398040690281, 0.11590582911902629, 242687000000, 
0.5599870786153578, -0.06455344633442699, 0.11393361708032416, 242789000000, 
0.5505868553015724, -0.06359069924082157, 0.11201586659938324, 242891000000, 
0.5405403121006054, -0.06482255504917471, 0.11007428306783569, 242993000000, 
0.5304155941416718, -0.06723753719966845, 0.10810285076958998, 243061000000, 
0.5201651746681496, -0.06791712477485261, 0.1060747387273618, 243163000000, 
0.509998560115145, -0.0680567800884228, 0.1040386219283311, 243265000000, 
0.49995981619163743, -0.06735119492170723, 0.10200823673166214, 243367000000, 
0.4900206845340538, -0.06659291860363736, 0.09999860405605573, 243469000000, 
0.4804739149701908, -0.0649530040714887, 0.09803029437972548, 243571000000, 
0.47131101002005826, -0.06236558171331841, 0.09612037396828686, 243673000000, 
0.46245138510707856, -0.06007509954370752, 0.09428242067315518, 243775000000, 
0.4539795298379616, -0.05777160060698894, 0.09251612833100656, 243877000000, 
0.4454236261271909, -0.05675919659962558, 0.09079030273814874, 243979000000, 
0.43708758242625545, -0.05630649137235377, 0.0890993825594272, 244047000000, 
0.4288240079061446, -0.05533206073682092, 0.08742234776397272, 244149000000, 
0.42070483859222046, -0.05460914611344995, 0.0857744285949747, 244251000000, 
0.41263739340080546, -0.05395538168446382, 0.08414441599327803, 244353000000, 
0.4047944431283675, -0.05303465154617659, 0.0825424450080929, 244455000000, 
0.3970758658626716, -0.0518717584604463, 0.0809671801594563, 244557000000, 
0.38956882172086726, -0.050752071358334074, 0.07942927538079375, 244659000000, 
0.3821242772076583, -0.049838628850044274, 0.07791793098607981, 244761000000, 
0.37487004953221403, -0.04899590729551077, 0.07643754323071598, 244863000000, 
0.3677998574069615, -0.04774806600232273, 0.07498627894312225, 244965000000, 
0.3608561456023502, -0.046713013099546154, 0.07356840350276839, 245033000000, 
0.3540777947320605, -0.04574020891633649, 0.07218225318275814, 245135000000, 
0.3472600213899661, -0.04532041404128032, 0.07081293078162512, 245237000000, 
0.3407456039904469, -0.04444063580537875, 0.06947222800749824, 245339000000, 
0.3342687699050278, -0.043304171616460975, 0.06815162635236272, 245441000000, 
0.3279169075081975, -0.04276232160749793, 0.06686208542691148, 245543000000, 
0.3216343481556993, -0.042114739164428316, 0.06558800170459497, 245645000000, 
0.31551964167512203, -0.04132421944358496, 0.06433805982260125, 245747000000, 
0.309569516048253, -0.040216107024821, 0.06311490039193829, 245849000000, 
0.3036880450680089, -0.03943865535704379, 0.06191848018609226, 245917000000, 
0.29785311032488304, -0.03905468574456653, 0.060740711429409656, 246019000000, 
0.2922194010280613, -0.03822881346649191, 0.05958403709473022, 246121000000, 
0.28672958720081776, -0.03707841041355094, 0.05845347323691747, 246223000000, 
0.28126720668125904, -0.036507314489340935, 0.05734774632734254, 246325000000, 
0.27590853179639585, -0.03607018468140636, 0.05626035504523151, 246427000000, 
0.2707498383590226, -0.03505789440745477, 0.0551950384557785, 246529000000, 
0.26562433450580825, -0.03428065763529201, 0.05415218031074844, 246631000000, 
0.26054213263536913, -0.034025685745511604, 0.05312775370001333, 246733000000, 
0.25556214672091226, -0.03354062594965327, 0.052115240924139314, 246835000000, 
0.25072569689847596, -0.032721452456310564, 0.05112199841698382, 246903000000, 
0.24595357563826686, -0.03202857027548467, 0.05014942795051035, 247005000000, 
0.24125254115626515, -0.031577185807369346, 0.04919545424620053, 247107000000, 
0.23671086664668683, -0.030809029971933428, 0.0482611322294146, 247209000000, 
0.2322254614094576, -0.030090265822691847, 0.047345924614160644, 247311000000, 
0.2278233783092017, -0.029624961124950406, 0.046450647091023076, 247413000000, 
0.22349613598553153, -0.029097751413086903, 0.04556966504694605, 247515000000, 
0.21926390359662948, -0.028531582375240783, 0.044705561192757516, 247617000000, 
0.21512574855226882, -0.027901291444209036, 0.04385905254229532, 247719000000, 
0.21098007063000607, -0.027612776555411372, 0.04302464818526029, 247787000000, 
0.20699810867442436, -0.027092132926148187, 0.04220692852377995, 247889000000, 
0.203004041709997, -0.026586763066696883, 0.041398814734295165, 247991000000, 
0.19918995560046848, -0.026027176913186272, 0.04061280706565932, 248093000000, 
0.19541802239666267, -0.025286731044447768, 0.039840801313808544, 248195000000, 
0.1917110616631094, -0.024929646457863646, 0.03908793597734937, 248297000000, 
0.18804474265570623, -0.024577599136521484, 0.03834492178103189, 248399000000, 
0.18451931847545305, -0.023972477292187783, 0.037618341519617904, 248501000000, 
0.18103798106259109, -0.02335587197705047, 0.03690680281291669, 248603000000, 
0.1775524585543401, -0.023222866403709852, 0.036207317206158954, 248671000000, 
0.1741785989901185, -0.022864606908241936, 0.03551793590713664, 248773000000, 
0.17088212890658386, -0.022234432159187467, 0.034840879096736166, 248875000000, 
0.16765616337990877, -0.021741452034032455, 0.034181126085107406, 248977000000, 
0.1644604377848177, -0.021405637072553867, 0.03353324867142069, 249079000000, 
0.1613130989702299, -0.021143548032262854, 0.03289531334233042, 249181000000, 
0.15824858584239987, -0.020706173141392763, 0.0322681415064965, 249283000000, 
0.15527656946429713, -0.020121765019775934, 0.0316558836184618, 249385000000, 
0.15230384396832566, -0.01981580624691402, 0.031055266618334843, 249487000000, 
0.14940729308046927, -0.01956425461275955, 0.030465847100872804, 249589000000, 
0.14659436251385935, -0.019031604848221046, 0.029887033304176955, 249657000000, 
0.1438227422797854, -0.018615169335612913, 0.02932162652494093, 249759000000, 
0.14107952799584444, -0.01838278172671635, 0.028766442185965944, 249861000000, 
0.13838949472497408, -0.018110825182704366, 0.028219451000040262, 249963000000, 
0.13576279590617366, -0.01772244029890263, 0.02768212124179948, 250065000000, 
0.13319803463077187, -0.017304866980674034, 0.02715668835079464, 250167000000, 
0.13063263589498347, -0.01710053337063394, 0.026639564428795268, 250269000000, 
0.12815162272349495, -0.016821373024256403, 0.026132152883283355, 250371000000, 
0.12575687216976958, -0.01625254575071298, 0.0256360753858832, 250473000000, 
0.12337060205288589, -0.015936735568696885, 0.025151939796410023, 250541000000, 
0.1210169809580696, -0.015799637372333242, 0.024676297012048338, 250643000000, 
0.11871353690659661, -0.015523550487630914, 0.024206741327836807, 250745000000, 
0.1164780153908408, -0.015129885224096038, 0.023747235550367132, 250847000000, 
0.11424609998814914, -0.01489145639482492, 0.02329584348570577, 250949000000, 
0.11205990760752799, -0.014727025944376027, 0.022852268199101192, 251051000000, 
0.10993634303762288, -0.014365856501754176, 0.022416156708886664, 251153000000, 
0.10786262960233028, -0.013990926683992341, 0.021990592016498743, 251255000000, 
0.10582499377525144, -0.013704497541238148, 0.021574931094346977, 251357000000, 
0.1037797771092058, -0.013609508310414945, 0.02116449336578584, 251425000000, 
0.10182999161271572, -0.013316673875119062, 0.020762317499811528, 251527000000, 
